#,Business Name,Industry,Email,Phone,Website,Rating,Reviews,Category
1,JAM3 Builders - Concrete Contractor,Construction,jam3builders@gmail.com,(707) 774-2864,https://jam3builders.com,5,23,Concrete contractor
2,Villa Family Construction,Construction,declanvilla@villafamilyconstruction.com,(415) 686-0076,https://www.villafamilyconstruction.com,5,2,General contractor
3,Majestic Builders,Construction,chuck@mymajesticbuilder.com,(707) 795-6823,http://www.mymajesticbuilder.com,5,1,General contractor
4,First Class Paving,Construction,fcpaving777@gmail.com,(707) 799-2276,https://fcpavingsantarosa.com,5,23,Paving contractor
5,NXT Gen Concrete,Construction,auerbachconstruction@gmail.com,(707) 758-1021,https://nxtgenconcrete.com,5,24,Concrete contractor
6,"Barron Contracting Firm, LLC",Construction,admin@barroncontracting.com,(682) 308-8422,http://www.barroncontracting.com,4.8,26,Roofing contractor
7,Good Construction,Construction,thegoodconstruction@gmail.com,(707) 782-2881,http://www.thegoodconstruction.com,4.8,4,Construction company
8,Stewart Construction Services,Construction,dstewart@stewartconstructionservices.com,(707) 755-3852,https://www.stewartconstructionservices.com,,,Contractor
9,M's General Construction Inc.,Construction,msgeneralgc@gmail.com,(707) 782-8857,https://www.msgeneralco.com,,,General contractor
10,Concrete Contractor Rohnert Park,Construction,wltrumbo@gmail.com,(707) 730-4151,http://concretecontractorrohnertpark.com,5,19,Construction company
11,"Prado's Plumbing, Heating and Air",HVAC,livia@pradosplumbinghvac.com,(707) 591-5042,http://www.pradosplumbinghvac.com,5,22,HVAC contractor
12,Wine County HVAC,HVAC,winecountyhvacra@gmail.com,(707) 332-4148,http://www.winecountyhvac.com,5,3,HVAC contractor
13,Pearson Mechanical,HVAC,pearsonmechanical707@gmail.com,(707) 791-3517,http://pearsonmechanical.net,5,4,HVAC contractor
14,Estes Heating and Cooling,HVAC,estesheatingandcooling@gmail.com,(707) 495-6781,https://estesheatingandcooling.net,5,10,HVAC contractor
15,Best Chance Heating and Cooling,HVAC,bestchancehvac@gmail.com,(707) 336-9800,https://bestchanceheatingandcooling.com,5,4,HVAC contractor
16,Core Heating & Air Conditioning,HVAC,amkryukov@gmail.com,(707) 774-5003,http://corehvacinc.com,5,77,HVAC contractor
17,"North HVAC Services, Inc Heating & Air Conditioning",HVAC,northhvacservices@gmail.com,(415) 845-6910,http://northhvacservices.com,5,242,HVAC contractor
18,American Heating & Air LLC,HVAC,american.heatandair.llc@gmail.com,(707) 807-4822,https://www.americanheatair.com,5,141,HVAC contractor
19,Climate Services Heating and Air Conditioning,HVAC,info@climateserviceshvacr.com,(707) 396-0181,https://climateserviceshvacr.com,5,19,HVAC contractor
20,Hulbert Heating & Air Conditioning Inc,HVAC,doug@hulbertheating.com,(415) 601-0303,https://www.hulbertheatingandair.com,5,56,HVAC contractor
21,Next Day Air & Heating,HVAC,info@go-nda.com,(707) 600-6986,https://nextdayairandheating.com,5,512,Heating contractor
22,Wolf HVAC Inc.,HVAC,robertwolf@wolf-hvac.com,(707) 861-2963,https://www.wolf-hvac.com,5,39,HVAC contractor
23,Ross HVAC And Appliance Service,HVAC,support@rosshvac.com,(707) 735-2410,https://rossservice.us,4.9,415,HVAC contractor
24,Next Level Heating & Air Conditioning Inc.,HVAC,info@nextlevelhvac.net,(707) 228-9921,http://www.nextlevelhvac.net,4.6,20,HVAC contractor
25,BKB Heating Air Conditioning & Sheet Metal,HVAC,brian@bkbheating.com,(707) 769-9655,http://bkbheatingac.com,4.2,5,HVAC contractor
26,Adams Heating and Cooling,HVAC,brian@adamsheatingandcooling.com,(707) 795-6059,https://adamsheatingandcooling.com,5,34,HVAC contractor
27,Northbay Comfort Inc.,HVAC,edgar@northbaycomfort.com,(707) 723-6182,https://northbaycomfort.com,5,45,HVAC contractor
28,Quality Cooling & Heating,HVAC,info@qualitycoolandheat.com,(707) 466-0979,https://qualitycoolandheat.com/rohnert-park-ca,5,3,HVAC contractor
29,Ongaro & Sons,HVAC,info@ongaroandsons.com,(707) 908-9208,https://ongaroandsons.com,4.9,1224,HVAC contractor
30,Paz Landscape,Landscaping,pazlandscape@yahoo.com,(707) 833-4010,http://www.pazlandscape.net,5,11,Landscaper
31,Vera Property Maintenance,Landscaping,rafael@verapropertymaintenance.net,(707) 758-2889,http://www.verapropertymaintenance.net,5,7,Property maintenance
32,Sticks and Stones Landscaping,Landscaping,landscaping.sticksandstones@gmail.com,(707) 495-8486,http://www.sticksandstoneslandscaping.biz,5,1,Landscaper
33,O'Connell Landscape,Landscaping,ocl@oclandscape.com,(415) 462-9729,http://www.oclandscape.com,5,22,Landscaper
34,Sonoma Valley Landscape,Landscaping,bunte@sonomavalleylandscape.com,(707) 217-4988,https://sonomavalleylandscape.com,5,9,Landscaper
35,Novara Landscape & Construction,Landscaping,steveng@novaralandscape.com,(707) 494-8197,https://novaralandscape.com,5,23,Landscaper
36,Perez General Jobs Landscaping,Landscaping,ferperez-20@hotmail.com,(707) 376-5978,https://landscapersantarosa-ca.com,5,37,Landscaper
37,DMG Landscaping Inc,Landscaping,requests@dmglandscaping.com,(707) 971-9547,https://www.dmglandscaping.com,5,46,Landscaper
38,Warner Landscape Construction,Landscaping,justin@warnerlc.com,(707) 307-9550,http://www.warnerlc.com,5,49,Landscaper
39,DK Landscaping,Landscaping,kathyx159@aol.com,(707) 280-3632,http://dklandscaping.com,5,2,Landscaper
40,G&M Landscape & Construction,Landscaping,deisimendoza@gmlandscape.com,(707) 775-0253,https://www.gmlandscapeandconstruction.com,5,3,Landscaper
41,A&J Yard Service,Landscaping,ajyard01@gmail.com,(707) 940-1259,https://ajyardservice.com,4.9,71,Tree service
42,Sierra Tree Company,Landscaping,admin@sierratreecompany.com,(707) 495-0597,https://sierratreecompany.com,4.7,34,Tree service
43,J & C Landscaping Services,Landscaping,jandclandscapingsvcs@gmail.com,(707) 478-1192,http://www.jclandscapingservices.org,4.7,13,Landscape designer
44,Callahan Landscape Contractors,Landscaping,customerservice@callahanlandscape.com,(707) 595-8799,http://www.callahanlandscape.com,4.6,11,Landscaper
45,Brothers Landscaping inc,Landscaping,info@brotherslandscaping.net,(707) 782-8811,https://www.brotherslandscaping.net,4.6,9,Landscaper
46,Cagwin & Dorward,Landscaping,customer.service@cagwin.com,(707) 585-5960,http://www.cagwin.com,2.9,10,Landscape designer
47,Jireh Landscaping and Tree Services,Landscaping,info@jirehlandscaping.com,(707) 620-3417,https://www.jirehlandscapingandtree.com,,,Gardener
48,Scott Silva Plumbing,Plumbing,scottsilvaplumbing@gmail.com,(707) 480-9605,https://www.scottsilvaplumbing.com,5,1,Plumber
49,Remons Main Sewer Camera Services & Drain Clearing,Plumbing,remon_tawasha@comcast.net,(707) 477-6418,https://remonssewercameraservices.com,5,22,Plumber
50,Brad Roach Plumbing,Plumbing,brad@bradroachplumbing.com,(707) 860-1617,https://bradroachplumbing.com,5,10,Plumber
51,Flow Elite Plumbing & Hydronic Heating,Plumbing,flowtownpro@gmail.com,(707) 997-0840,http://www.trustflowelite.com,5,22,Plumber
52,Pipedreams Plumbing,Plumbing,office@maplesservice.com,(707) 523-1315,http://www.yourpipedreams.com,5,1,Plumber
53,Langston Plumbing | Professional | Reliable | Efficient Sonoma County Plumbers,Plumbing,skyler@langstonplumbing.net,(707) 576-8500,http://www.langstonplumbing.net,5,155,Plumber
54,CNTRline Plumbing Service Inc,Plumbing,amkryukov@gmail.com,(707) 308-5599,https://cntrlineplmbinc.com,5,8,Plumber
55,Samson Home Service,Plumbing,samsonhomeservice@gmail.com,(415) 827-7754,https://www.samsonhomeservice.com,5,17,Plumber
56,Advanced Piping Systems Inc,Plumbing,admin@advancedpipingsystemsinc.com,(707) 787-0680,https://advancedpipingsystemsinc.com,5,14,Plumber
57,Blazer Plumbing,Plumbing,nick@blazerdrain.com,(707) 803-8701,https://blazerplumbing.com,5,7,Plumber
58,Alvis Plumbing,Plumbing,info@alvisplumbing.com,(707) 697-8794,http://www.alvisplumbing.com,5,17,Plumber
59,Regal Plumbers,Plumbing,info@regalplumbers.com,(707) 723-1398,https://regalplumbers.com/rohnert-park-ca,5,3,Plumber
60,MAC Plumbing,Plumbing,help@macplumbing707.com,(707) 291-9048,http://macplumbing707.com,5,22,Plumber
61,Ray’s Rescue Plumbing,Plumbing,ray@raysrescueplumbing.com,(707) 596-3095,https://www.raysrescueplumbing.com,5,70,Plumber
62,Frati Plumbing,Plumbing,info@fratiplumbing.net,(707) 217-2712,https://www.fratiplumbing.net,5,47,Plumber
63,Popular Plumbing,Plumbing,office@popular-plumbing.com,(707) 806-0911,http://popular-plumbing.com,5,73,Plumber
64,Santa Rosa Plumbing,Plumbing,srplumb@sonic.net,(707) 544-3569,http://santarosaplumbing.net,5,4,Plumber
65,Redwood Sewer & Drain Services,Plumbing,info@redwoodsewerdrain.com,(707) 393-1959,https://redwoodsewerdrain.com,5,165,Plumber
66,West Coast Plumbing,Plumbing,admin@wcoastplumbing.com,(707) 750-9900,https://www.wcoastplumbing.com,4.9,103,Plumber
67,Plumbing Solutions,Plumbing,plumbingsolutionsca@icloud.com,(707) 495-8536,https://www.plumbingsolutionsca.com,4.9,86,Plumber
68,"Small Jobs Plumbing, Inc.",Plumbing,info@smalljobsplumbinginc.com,(707) 241-4154,https://www.smalljobsplumbinginc.com,4.9,182,Plumber
69,Super Service Plumbing,Plumbing,service@superserviceplumbing.com,(707) 723-8787,https://superserviceplumbing.com,5,114,Plumber
70,Veracity Plumbing,Plumbing,veracityplumbing@gmail.com,(707) 695-6295,https://veracityplumbing.com,4,4,Plumber
71,"Roman's Plumbing, Inc.",Plumbing,info@romansplumbing.net,(707) 532-2433,,,,Plumber
72,Plumbing Services Petaluma,Plumbing,support@bestplumbingpetaluma.com,(707) 283-7054,,,,Plumber
73,Baswell Plumbing,Plumbing,baswellplumbing@gmail.com,(415) 897-7977,,,,Plumber
74,GAC Plumbing Company,Plumbing,info@gaccompany.com,(707) 763-8000,,,,Plumber
